<?xml version="1.0" encoding="UTF-8"?>
<beans xmlns="http://www.springframework.org/schema/beans"
       xmlns:xsi="http://www.w3.org/2001/XMLSchema-instance"
       xmlns:p="http://www.springframework.org/schema/p"
       xmlns:aop="http://www.springframework.org/schema/aop"
       xmlns:tx="http://www.springframework.org/schema/tx"
       xsi:schemaLocation="http://www.springframework.org/schema/beans http://www.springframework.org/schema/beans/spring-beans-3.1.xsd
       http://www.springframework.org/schema/aop http://www.springframework.org/schema/aop/spring-aop-3.1.xsd
       http://www.springframework.org/schema/tx http://www.springframework.org/schema/tx/spring-tx-3.1.xsd">

    <!--bean id="propertyConfigurer"
          class="org.springframework.beans.factory.config.PropertyPlaceholderConfigurer"
          p:location="/WEB-INF/jdbc.properties" />

<bean id="dataSource"
    class="org.springframework.jdbc.datasource.DriverManagerDataSource"
    p:driverClassName="${jdbc.driverClassName}"
    p:url="${jdbc.url}"
    p:username="${jdbc.username}"
    p:password="${jdbc.password}" /-->

    <!-- ADD PERSISTENCE SUPPORT HERE (jpa, hibernate, etc) -->
    
    <bean id="myds" class="org.apache.commons.dbcp2.BasicDataSource" destroy-method="close">
        <!-- results in a setDriverClassName(String) call -->
        <property name="driverClassName" value="com.mysql.cj.jdbc.Driver"/>
        <property name="url" value="jdbc:mysql://newton.neu.edu:3306/usersdb"/>
        <property name="username" value="student"/>
        <property name="password" value="p@ssw0rd"/>
        <property name="maxTotal" value="10" />
        <property name="initialSize" value="5" />
    </bean>
    
    <bean id="userdao" class="com.neu.dao.UserDAO">
        <property name="conn" ref="myds"/>
    </bean>
    
    <bean id="coursedao" class="com.neu.dao.CourseDAO">
        <property name="conn" ref="myds"/>
    </bean>
</beans>
