<?xml version="1.0" encoding="UTF-8"?>
<project-private xmlns="http://www.netbeans.org/ns/project-private/1">
    <editor-bookmarks xmlns="http://www.netbeans.org/ns/editor-bookmarks/2" lastBookmarkId="0"/>
    <open-files xmlns="http://www.netbeans.org/ns/projectui-open-files/2">
        <group>
            <file>file:/Users/lvyan/Desktop/NetbeansProjects/Assignment4_Part4_Spring/web/WEB-INF/jsp/Display.jsp</file>
            <file>file:/Users/lvyan/Desktop/NetbeansProjects/Assignment4_Part4_Spring/web/WEB-INF/tlds/readcsv.tld</file>
        </group>
    </open-files>
</project-private>
