<?xml version="1.0" encoding="UTF-8"?>
<project-private xmlns="http://www.netbeans.org/ns/project-private/1">
    <editor-bookmarks xmlns="http://www.netbeans.org/ns/editor-bookmarks/2" lastBookmarkId="0"/>
    <open-files xmlns="http://www.netbeans.org/ns/projectui-open-files/2">
        <group>
            <file>file:/C:/Users/vrs12/OneDrive/Documents/NetBeansProjects/Lab7_Hibernate/src/java/com/neu/controller/AuthenticationController.java</file>
            <file>file:/C:/Users/vrs12/OneDrive/Documents/NetBeansProjects/Lab7_Hibernate/src/java/hibernate.cfg.xml</file>
            <file>file:/C:/Users/vrs12/OneDrive/Documents/NetBeansProjects/Lab7_Hibernate/web/WEB-INF/jsp/messageHome.jsp</file>
            <file>file:/C:/Users/vrs12/OneDrive/Documents/NetBeansProjects/Lab7_Hibernate/web/WEB-INF/jsp/listUsers.jsp</file>
            <file>file:/C:/Users/vrs12/OneDrive/Documents/NetBeansProjects/Lab7_Hibernate/web/WEB-INF/dispatcher-servlet.xml</file>
            <file>file:/C:/Users/vrs12/OneDrive/Documents/NetBeansProjects/Lab7_Hibernate/src/java/com/neu/controller/MessageController.java</file>
            <file>file:/C:/Users/vrs12/OneDrive/Documents/NetBeansProjects/Lab7_Hibernate/src/java/com/neu/dao/MessageDao.java</file>
            <file>file:/C:/Users/vrs12/OneDrive/Documents/NetBeansProjects/Lab7_Hibernate/src/java/com/neu/controller/UserController.java</file>
            <file>file:/C:/Users/vrs12/OneDrive/Documents/NetBeansProjects/Lab7_Hibernate/src/java/com/neu/dao/UserDao.java</file>
        </group>
    </open-files>
</project-private>
