<?xml version="1.0" encoding="UTF-8"?>
<project-private xmlns="http://www.netbeans.org/ns/project-private/1">
    <editor-bookmarks xmlns="http://www.netbeans.org/ns/editor-bookmarks/2" lastBookmarkId="0"/>
    <open-files xmlns="http://www.netbeans.org/ns/projectui-open-files/2">
        <group>
            <file>file:/C:/Users/adike/OneDrive/Documents/NetBeansProjects/Lab6/web/WEB-INF/jsp/add-success.jsp</file>
            <file>file:/C:/Users/adike/OneDrive/Documents/NetBeansProjects/Lab6/src/java/com/me/pojo/Course.java</file>
            <file>file:/C:/Users/adike/OneDrive/Documents/NetBeansProjects/Lab6/web/WEB-INF/jsp/viewcourse.jsp</file>
            <file>file:/C:/Users/adike/OneDrive/Documents/NetBeansProjects/Lab6/web/WEB-INF/jsp/user-form.jsp</file>
            <file>file:/C:/Users/adike/OneDrive/Documents/NetBeansProjects/Lab6/web/WEB-INF/dispatcher-servlet.xml</file>
            <file>file:/C:/Users/adike/OneDrive/Documents/NetBeansProjects/Lab6/src/java/com/neu/dao/CourseDAO.java</file>
            <file>file:/C:/Users/adike/OneDrive/Documents/NetBeansProjects/Lab6/src/java/com/me/controller/SearchController.java</file>
            <file>file:/C:/Users/adike/OneDrive/Documents/NetBeansProjects/Lab6/src/java/com/neu/dao/UserDAO.java</file>
            <file>file:/C:/Users/adike/OneDrive/Documents/NetBeansProjects/Lab6/web/WEB-INF/jsp/user-success.jsp</file>
            <file>file:/C:/Users/adike/OneDrive/Documents/NetBeansProjects/Lab6/src/java/com/me/controller/AddCourseController.java</file>
            <file>file:/C:/Users/adike/OneDrive/Documents/NetBeansProjects/Lab6/web/WEB-INF/jsp/addcourse.jsp</file>
            <file>file:/C:/Users/adike/OneDrive/Documents/NetBeansProjects/Lab6/src/java/com/me/controller/UserFormController.java</file>
        </group>
    </open-files>
</project-private>
